Load,000001,TestPassword,load000001,load000001@example.com
Load,000002,TestPassword,load000002,load000002@example.com
Load,000003,TestPassword,load000003,load000003@example.com
Load,000004,TestPassword,load000004,load000004@example.com
Load,000005,TestPassword,load000005,load000005@example.com
Load,000006,TestPassword,load000006,load000006@example.com
Load,000007,TestPassword,load000007,load000007@example.com
Load,000008,TestPassword,load000008,load000008@example.com
Load,000009,TestPassword,load000009,load000009@example.com
Load,000010,TestPassword,load000010,load000010@example.com
